"Population Estimate","","","","","","","","","","","Geography","","","","","Building Estimate","","","","","","Accessibility: Total population - WorldPop (2026)","","","","","","Site Attributes","","","","","","","","","","","","","","",""
"Total population - Meta (2023-04-21)","Total population - WorldPop (2026)","Total population - WorldPop UN (2020)","Total population - Grid3","Total population - Kontur (2023-10-31)","Total women - Meta (2023-04-21)","Total men - Meta (2023-04-21)","Children under 5 - Meta (2023-04-21)","People 15 to 24 - Meta (2023-04-21)","Women 15 to 49 - Meta (2023-04-21)","People 60 and older - Meta (2023-04-21)","Country (Admin 0)","State (Admin 1)","Local government area (Admin 2)","Ward (Admin 3)","Name","OpenStreetMap Buildings (2026-02-20)","Overture Buildings (2026-02-20)","Google Buildings 60+% Confidence (2023-05)","Google Buildings 70+% Confidence (2023-05)","Google Buildings 80+% Confidence (2023-05)","Average Building Footprint (m²) (2023-05)","People within 1hr of driving","People between 1hr - 4hr of driving","People further than 4hr of driving","People within 1hr of walking","People between 1hr - 4hr of walking","People further than 4hr of walking","location_id","facility_level_text","ownership_code","organization_id","nhfr_code","ownership_text","grid3_globalid","facility_level_code","status","country","state","nhfr_uid","lga","lga_location_id","Site Longitude","Site Latitude"
"3571","7217","6340","5624","3704","1785","1785","530","530","1014","0","Nigeria","Bauchi","Toro","Jama'a #1","Amana Health Clinic","2144","2447","1971","1634","683","37.76","7197","20","0","3391","3826","0","62","Primary Health Clinic","private","org-62d44fa6-6452-4810-bb9f-f41ff201d50d","5","For Profit","62","primary","active","Nigeria","Bauchi","75099900","Toro","nga-ba-5018","9.433270969","10.15212597"
"2449","3024","2805","3038","2590","1224","1224","358","358","697","0","Nigeria","Bauchi","Toro","Jama'a #1","Dori Primary Health Clinic","1196","1505","1083","922","329","28.93","3024","0","0","2708","316","0","9","Primary Health Clinic","public","org-9ab2c2ac-eb89-4ecd-b790-34bd897ffaf2","5","Local Government","9","primary","active","Nigeria","Bauchi","45350274","Toro","nga-ba-5018","9.538696289","10.18890381"
"1088","1781","1005","1268","1159","544","544","155","155","311","0","Nigeria","Bauchi","Toro","Jama'a #1","Lafia Nursing Home","544","632","482","370","134","31.50","1781","0","0","1230","551","0","9","Primary Health Center","private","org-9eab6407-2dbf-4cae-bf4c-d0a3260a614d","Invalid Number","Unknown","9","primary","active","Nigeria","Bauchi","Invalid Number","Toro","nga-ba-5018","9.46307373","10.22290039"
"1653","3472","2895","3628","2150","827","827","236","236","472","0","Nigeria","Bauchi","Toro","Jama'a #1","Sabon Garin Nabardo Health Post","1394","1633","1518","1188","438","37.79","3472","0","0","2146","1326","0","6879709","Health Post","public","org-6879709c-8fa1-4040-9ff9-e1c366d8e2ad","5","Local Government","6879709","primary","active","Nigeria","Bauchi","61760400","Toro","nga-ba-5018","9.36678","10.20572"
"28","0","34","0","0","14","14","4","4","8","0","Nigeria","Bauchi","Toro","Jama'a #1","Takandan Giwa Health Post","1","1","1","1","0","14.28","0","0","0","0","0","0","76","Health Post","public","org-76eca653-38a1-48a5-9d18-1c75e234d791","5","Local Government","76","primary","active","Nigeria","Bauchi","41060771","Toro","nga-ba-5018","9.463684082","10.22247315"
"4322","4905","3142","3448","6257","2161","2161","847","847","1158","0","Nigeria","Bauchi","Toro","Jama'a #1","Tashan Durumi","1448","1603","1349","1120","459","44.27","4905","0","0","4151","755","0","Invalid Number","Primary Health Center","public","org-df871169-9e9a-4720-9477-a83cbc732681","Invalid Number","Unknown","Invalid Number","primary","active","Nigeria","Bauchi","Invalid Number","Toro","nga-ba-5018","9.584336","10.222777"
"2856","3614","2664","3406","2695","1428","1428","443","443","804","0","Nigeria","Bauchi","Toro","Jama'a #1","Tashan Durumi Primary Health Clinic","1144","1325","1182","974","423","41.33","3614","0","0","3105","509","0","136","Primary Health Clinic","public","org-136b12cc-7aac-4a22-8b6b-26852fb60d50","5","Local Government","136","primary","active","Nigeria","Bauchi","50108275","Toro","nga-ba-5018","9.586253","10.224161"
"3074","2771","2221","2837","3320","1537","1537","439","439","878","0","Nigeria","Bauchi","Toro","Jama'a #1","Wow Health Post","1010","1230","1072","891","395","31.35","2771","0","0","2494","276","0","5","Health Post","public","org-5eca11a0-ceb7-4935-97e7-17248fbc9861","Invalid Number","Unknown","5","primary","active","Nigeria","Bauchi","Invalid Number","Toro","nga-ba-5018","9.544858","10.21996"
"2380","2811","2887","7168","2563","1190","1190","340","340","680","0","Nigeria","Bauchi","Toro","Lame","Fatara Health Post","1","1863","2239","1789","728","27.02","2712","99","0","1429","1304","78","Invalid Number","Health Post","public","org-f20bf2c3-5bfe-40f7-a5ec-3981c968a728","Invalid Number","Unknown","Invalid Number","primary","active","Nigeria","Bauchi","Invalid Number","Toro","nga-ba-5018","9.13221527","10.54341276"
"3758","3986","4094","6823","3955","1879","1879","537","537","1074","0","Nigeria","Bauchi","Toro","Lame","Gukka Health Post","1111","2456","2364","1943","693","33.14","3984","2","0","2453","1533","0","Invalid Number","Health Post","public","org-fe37c141-a033-434f-b74a-4d32d9f99c7d","Invalid Number","Unknown","Invalid Number","primary","active","Nigeria","Bauchi","Invalid Number","Toro","nga-ba-5018","9.222403","10.383969"
"707","2378","1990","4904","737","353","353","101","101","202","0","Nigeria","Bauchi","Toro","Lame","Jange Primary Health Clinic","94","1407","1667","1253","260","20.35","2366","12","0","1410","967","1","Invalid Number","Primary Health Clinic","public","org-fa7f4c00-1201-4e84-be49-bda621b52c90","5","Local Government","Invalid Number","primary","active","Nigeria","Bauchi","19251114","Toro","nga-ba-5018","9.27488","10.43768"
"2785","3306","3579","6532","2917","1393","1393","398","398","796","0","Nigeria","Bauchi","Toro","Lame","Lame Primary Health Care Center","1","1787","2104","1620","486","26.01","3252","54","0","2331","975","0","7","Primary Health Clinic","public","org-7ebda04b-36eb-474d-8505-f82fbebaec40","5","Local Government","7","primary","active","Nigeria","Bauchi","55503933","Toro","nga-ba-5018","9.244171","10.445172"
"4296","7297","7196","18670","4508","2148","2148","614","614","1228","0","Nigeria","Bauchi","Toro","Lame","Ruhu Primary Health Clinic","0","5107","6091","4846","1732","26.57","7187","110","0","1587","5642","68","8.145948e-49","Health Post","public","org-8145948e-55c9-43e3-946b-fbb2665cdc59","5","Local Government","8.145948e-49","primary","active","Nigeria","Bauchi","19672300","Toro","nga-ba-5018","9.09935322161","10.5988303137"
"4345","5854","6197","8377","4496","2172","2172","621","621","1241","0","Nigeria","Bauchi","Toro","Lame","Saminakan Gwa Primary Health Clinic","2040","3121","2819","2286","836","34.69","5562","292","0","2638","3215","0","3","Primary Health Clinic","public","org-3bd18a1d-f4bc-4448-aa19-c80cac3cad3c","5","Local Government","3","primary","active","Nigeria","Bauchi","13780850","Toro","nga-ba-5018","9.19654864","10.30065447"
"3863","2914","3570","7065","4113","1931","1931","552","552","1104","0","Nigeria","Bauchi","Toro","Lame","Shau Health Post","1","2036","2338","1959","841","32.08","2874","40","0","1702","1212","0","3","Health Post","public","org-3b2b4b50-367e-40fc-89d0-a61114ba7b30","5","State Government","3","primary","active","Nigeria","Bauchi","73293649","Toro","nga-ba-5018","9.14682080428","10.4716618893"
"85","62","36","66","86","43","43","12","12","24","0","Nigeria","Bauchi","Toro","Mara","Jama'A Primary Health Clinic","20","21","21","19","9","63.37","62","0","0","62","0","0","944345","Primary Health Clinic","public","org-944345de-0bdd-4c75-9147-ab5d4cc7e813","5","Local Government","944345","primary","active","Nigeria","Bauchi","56679749","Toro","nga-ba-5018","9.285522461","10.13647461"
"1023","1424","1362","2152","1322","511","511","146","146","292","0","Nigeria","Bauchi","Toro","Mara","Kafin Durumi Health Post","562","858","732","524","139","24.99","1424","0","0","1389","35","0","0","Health Post","public","org-0fa69ea6-43e1-4eb3-91f9-f87286085e38","5","Local Government","0","primary","active","Nigeria","Bauchi","65631702","Toro","nga-ba-5018","9.27999","10.25178"
"896","863","550","1414","687","448","448","128","128","256","0","Nigeria","Bauchi","Toro","Mara","Mai Nasara Health Clinic","283","366","440","364","153","67.73","863","0","0","863","0","0","9","Primary Health Clinic","private","org-9aded4de-a8b9-464a-9f38-0a6de52c72bb","5","For Profit","9","primary","active","Nigeria","Bauchi","59638761","Toro","nga-ba-5018","9.282949","10.13628"
"594","1310","1038","1811","622","297","297","85","85","170","0","Nigeria","Bauchi","Toro","Mara","Mara Health Post","220","646","604","474","93","26.12","1301","9","0","1040","270","0","24","Health Post","public","org-24cca78f-8f13-4c98-b693-cd2ba86dc3f0","5","Local Government","24","primary","active","Nigeria","Bauchi","72185797","Toro","nga-ba-5018","9.28379561","10.30413988"
"1771","2563","2032","4131","1546","886","886","253","253","506","0","Nigeria","Bauchi","Toro","Mara","Rimin Zayam Health Post","905","1302","1384","1066","421","37.21","2529","34","0","2106","457","0","Invalid Number","Health Post","public","org-d88ca81d-0c28-4e0c-b102-2e10cddb4c10","Invalid Number","Unknown","Invalid Number","primary","active","Nigeria","Bauchi","Invalid Number","Toro","nga-ba-5018","9.283124","10.13867"
"875","1163","718","2928","1064","437","437","125","125","250","0","Nigeria","Bauchi","Toro","Mara","Rimin Zayam Primary Health Care Center","560","836","981","766","259","46.39","1163","0","0","1163","0","0","Invalid Number","Primary Health Clinic","public","org-c502189c-5060-49b3-aa9c-41a98102d491","5","Local Government","Invalid Number","primary","active","Nigeria","Bauchi","58496757","Toro","nga-ba-5018","9.29086132","10.14049381"
"1211","2192","2127","3179","1064","605","605","173","173","346","0","Nigeria","Bauchi","Toro","Mara","Rinjin Gingin Health Post","719","1180","1071","785","211","26.48","2047","145","0","1860","332","0","Invalid Number","Health Post","public","org-e615a4d2-eefb-4515-a9e9-c3a17b62eaea","5","Local Government","Invalid Number","primary","active","Nigeria","Bauchi","53746030","Toro","nga-ba-5018","9.25935628879","10.2246092992"
"926","1138","758","2106","891","463","463","132","132","265","0","Nigeria","Bauchi","Toro","Mara","Sauki Health Clinic","368","577","691","541","224","43.28","1138","0","0","1138","0","0","1","Primary Health Center","private","org-1b4947cb-d79d-4828-ba48-fb3fbb57dd1c","5","For Profit","1","primary","active","Nigeria","Bauchi","58938220","Toro","nga-ba-5018","9.28588166186","10.1404275296"
"1152","2749","2142","3064","1168","576","576","165","165","329","0","Nigeria","Bauchi","Toro","Mara","Sutumi Health Post","677","1085","1060","783","235","32.31","2749","0","0","2585","163","0","Invalid Number","Health Post","public","org-aa906164-7e90-47c3-aa75-6572eba1ba79","5","Local Government","Invalid Number","primary","active","Nigeria","Bauchi","13636184","Toro","nga-ba-5018","9.292642","10.164591"
"1580","3391","2707","4902","1788","790","790","226","226","451","0","Nigeria","Bauchi","Toro","Mara","Taka Bundu Primary Health Clinic","989","1722","1723","1207","223","23.03","3391","0","0","2939","452","0","1000000000","Health Post","public","org-1e9d50a0-3528-4e07-9e68-a340224ab695","5","Local Government","1000000000","primary","active","Nigeria","Bauchi","54298984","Toro","nga-ba-5018","9.31096421028","10.2113063007"
"308","1827","1260","4446","352","154","154","44","44","88","0","Nigeria","Bauchi","Toro","Mara","Yuga Primary Health Clinic","438","1429","1491","1162","175","19.39","1785","42","0","598","1229","0","226","Primary Health Clinic","public","org-226d52ae-fed8-4be4-ac91-031c5fbeadcc","5","Local Government","226","primary","active","Nigeria","Bauchi","39428725","Toro","nga-ba-5018","9.27691","10.31104"
"1249","1692","1343","1760","1476","624","624","178","178","357","0","Nigeria","Bauchi","Toro","Palama","Dorong Primary Health Center","432","682","530","409","207","34.90","1692","0","0","1692","0","0","1","Primary Health Center","public","org-1cd702d8-25dc-4bcd-8da7-5bdcb98b4e70","Invalid Number","Unknown","1","primary","active","Nigeria","Bauchi","Invalid Number","Toro","nga-ba-5018","9.2323104","9.9157786"
"4327","3224","3803","5068","4663","2163","2164","618","618","1236","0","Nigeria","Bauchi","Toro","Palama","Gandi Primary Health Clinic","1395","1967","1736","1444","675","37.69","3224","0","0","2968","256","0","2","Health Post","public","org-02d53ef8-ab81-473c-99b6-e25b2db9420b","5","Local Government","2","primary","active","Nigeria","Bauchi","13302009","Toro","nga-ba-5018","9.32623297","9.94753078"
"1980","2237","1876","2555","2000","990","990","283","283","566","0","Nigeria","Bauchi","Toro","Palama","Godong Primary Health Center","562","938","786","624","297","31.68","2237","0","0","2237","0","0","9","Primary Health Center","public","org-9ef58680-96f4-4926-af0d-77368dd0057e","Invalid Number","Unknown","9","primary","active","Nigeria","Bauchi","Invalid Number","Toro","nga-ba-5018","9.23734","9.94908"
"1605","2008","1806","2908","1691","803","803","229","229","459","0","Nigeria","Bauchi","Toro","Palama","Kayarda Primary Health Clinic","668","1069","885","721","263","24.46","2008","0","0","2008","0","0","434195","Primary Health Center","public","org-434195b0-d5a0-4426-8e22-36641d73a1f3","Invalid Number","Unknown","434195","primary","active","Nigeria","Bauchi","Invalid Number","Toro","nga-ba-5018","9.240112305","9.978881836"
"4147","4024","4193","5217","4353","2074","2074","592","592","1185","0","Nigeria","Bauchi","Toro","Palama","Kufai Primary Health Clinic","1373","2026","1734","1393","432","32.03","4024","0","0","3479","545","0","8","Primary Health Clinic","public","org-08c62c61-5cae-467f-8199-fc5686bd7f26","5","Local Government","8","primary","active","Nigeria","Bauchi","37125572","Toro","nga-ba-5018","9.25998971486","10.0096372166"
"4349","5558","4399","5928","5048","2175","2175","621","621","1243","0","Nigeria","Bauchi","Toro","Palama","Nakwang B Primary Health Center","1311","2208","1827","1442","625","32.03","5558","0","0","4777","781","0","Invalid Number","Primary Health Center","public","org-f805a22f-93cf-4078-94c2-5e39f7dc98b9","Invalid Number","Unknown","Invalid Number","primary","active","Nigeria","Bauchi","Invalid Number","Toro","nga-ba-5018","9.241516113","9.885070801"
"5671","7853","7157","7030","6243","2821","2850","823","823","1587","0","Nigeria","Bauchi","Toro","Palama","Palama Primary Health Clinic","2281","3185","2737","2199","772","31.94","7853","0","0","4571","3282","0","Invalid Number","Primary Health Clinic","public","org-bb5ca1e2-a18b-4596-bb4e-311dc855cf53","5","Local Government","Invalid Number","primary","active","Nigeria","Bauchi","38253203","Toro","nga-ba-5018","9.334929","10.026783"
"2345","2120","2341","2761","2484","1173","1173","335","335","670","0","Nigeria","Bauchi","Toro","Palama","Sabon Gari Zakshi Health Post","730","1153","886","700","307","30.33","2120","0","0","2038","82","0","4","Health Post","public","org-4f180bc5-da4a-45a6-8cd5-45c2ec9f3ad3","5","Local Government","4","primary","active","Nigeria","Bauchi","70848283","Toro","nga-ba-5018","9.29674","9.94156"
"3736","2594","2769","3961","3624","1818","1917","575","575","956","0","Nigeria","Bauchi","Toro","Palama","Zakshi Primary Health Care Center","1199","1385","1322","1084","457","33.45","2593","1","0","2290","304","0","Invalid Number","Primary Health Center","public","org-f962411d-0f64-4de1-a074-217faeaef8ed","5","Local Government","Invalid Number","primary","active","Nigeria","Bauchi","37153488","Toro","nga-ba-5018","9.34628258","9.94121625"
"1867","1551","1430","1882","2075","933","933","267","267","533","0","Nigeria","Bauchi","Toro","Palama","Zari Maku Health Post","541","871","659","528","216","32.96","1551","0","0","1551","0","0","Invalid Number","Health Post","public","org-db89c7ac-0524-4a99-a72e-d14f41c0364d","5","Local Government","Invalid Number","primary","active","Nigeria","Bauchi","36421978","Toro","nga-ba-5018","9.290031","9.932314"
"2660","3215","3118","4434","3153","1330","1330","380","380","760","0","Nigeria","Bauchi","Toro","Rahama #1","Gana Health Post","928","1317","1433","1225","472","28.96","3144","71","0","2049","1166","0","Invalid Number","Health Post","public","org-d1c84aca-4727-4782-8449-1c6288f7985b","5","Local Government","Invalid Number","primary","active","Nigeria","Bauchi","48657366","Toro","nga-ba-5018","8.881524","10.43877"
"1968","2070","2047","3091","2624","984","984","281","281","562","0","Nigeria","Bauchi","Toro","Rahama #1","Girkitel Health Post","581","902","1076","932","409","31.81","2070","0","0","1639","431","0","Invalid Number","Health Post","unknown","org-d5d19ebb-6ddf-4fd3-956e-b6a62e714590","Invalid Number","Unknown","Invalid Number","primary","active","Nigeria","Bauchi","Invalid Number","Toro","nga-ba-5018","8.87625012753","10.4355132907"
"6969","6597","6322","10746","6858","3485","3485","996","996","1991","0","Nigeria","Bauchi","Toro","Rahama #1","Makana Health Post","2590","3771","4081","3511","1606","42.22","6597","0","0","4133","2463","0","Invalid Number","Health Post","public","org-accc5e48-d86f-458d-a371-43f547cbc70b","Invalid Number","Unknown","Invalid Number","primary","active","Nigeria","Bauchi","Invalid Number","Toro","nga-ba-5018","8.808319","10.508446"
"2778","2008","1688","3082","2858","1389","1389","400","400","790","0","Nigeria","Bauchi","Toro","Rahama #1","Nasarawan Samanja Maternity","506","1030","979","847","410","43.36","2008","0","0","1401","608","0","1","Primary Health Clinic","public","org-1b1693c3-2bbc-42e8-926d-50fc217c9131","5","Local Government","1","primary","active","Nigeria","Bauchi","34006922","Toro","nga-ba-5018","8.795783","10.60073"
"6650","5121","4680","7581","7340","3325","3325","950","950","1900","0","Nigeria","Bauchi","Toro","Rahama #1","Rahama Model Primary Health Center","2129","2763","3231","2881","1651","47.36","5121","0","0","4337","784","0","Invalid Number","Primary Health Center","public","org-f3d81b10-5e9c-472f-b31d-58d4972b52b1","5","Local Government","Invalid Number","primary","active","Nigeria","Bauchi","39955021","Toro","nga-ba-5018","8.75960499994","10.4529480005"
"2184","1862","1592","2241","2546","1092","1092","316","316","617","0","Nigeria","Bauchi","Toro","Rahama #1","Samanja Health Post","446","718","703","604","250","38.71","1862","0","0","1505","358","0","Invalid Number","Health Post","public","org-cccec3b2-7787-4209-88d5-d1122bc24328","Invalid Number","Unknown","Invalid Number","primary","active","Nigeria","Bauchi","Invalid Number","Toro","nga-ba-5018","8.808388","10.608824"
"8456","6092","6446","11342","8418","4228","4228","1208","1208","2416","0","Nigeria","Bauchi","Toro","Rahama #1","Wurno Health Post","2611","3556","4125","3623","1999","42.05","6092","0","0","4733","1359","0","200000000","Health Post","public","org-2e08b7b4-099d-4424-863a-15d9b759f4b3","5","Local Government","200000000","primary","active","Nigeria","Bauchi","36694100","Toro","nga-ba-5018","8.82806646903","10.406182598"
"3016","7043","5021","12316","3172","1508","1508","674","390","781","0","Nigeria","Bauchi","Toro","Rauta Geji","Bakin Ruwa Health Post","1","3801","4279","3075","477","17.73","6577","435","31","2203","4439","401","87","Health Post","public","org-87b580d5-f8db-4a85-949a-4e4c3183297d","5","Local Government","87","primary","active","Nigeria","Bauchi","42794640","Toro","nga-ba-5018","9.61043193486","10.6459680566"
"622","414","364","732","515","311","311","104","104","104","0","Nigeria","Bauchi","Toro","Rauta Geji","Bichiki Health Post","225","288","265","217","68","39.17","414","0","0","414","0","0","Invalid Number","Health Post","public","org-dc6b4306-8aa9-46f0-a374-970673bcf72f","5","Local Government","Invalid Number","primary","active","Nigeria","Bauchi","48961166","Toro","nga-ba-5018","9.63659643504","10.2412367593"
"266","642","491","564","259","133","133","38","38","76","0","Nigeria","Bauchi","Toro","Rauta Geji","Dannga Health Post","176","219","189","160","80","21.58","629","13","0","620","22","0","866","Health Post","public","org-0866b548-bda0-43e2-96df-d182b27af4f8","Invalid Number","Unknown","866","primary","active","Nigeria","Bauchi","Invalid Number","Toro","nga-ba-5018","9.58826","10.31948"
"5370","4910","4861","5607","5548","2685","2685","816","816","1291","0","Nigeria","Bauchi","Toro","Rauta Geji","Felun Abba Primary Health Clinic","2733","3093","2242","1956","942","28.90","4866","44","0","2317","2594","0","Invalid Number","Primary Health Clinic","public","org-f14cbc29-b746-4132-9c83-59bfc3d73590","5","Local Government","Invalid Number","primary","active","Nigeria","Bauchi","74387431","Toro","nga-ba-5018","9.63182761417","10.3419108249"
"950","673","546","654","1124","475","475","136","136","271","0","Nigeria","Bauchi","Toro","Rauta Geji","Gasuwo Primary Health Clinic","247","291","247","212","92","47.10","673","0","0","671","2","0","Invalid Number","Primary Health Clinic","public","org-e986ac20-25ef-48a4-9568-a8e1dff2d37e","5","Local Government","Invalid Number","primary","active","Nigeria","Bauchi","39159190","Toro","nga-ba-5018","9.62315744","10.24250716"
"2488","1849","1881","3284","2585","1244","1244","402","402","479","0","Nigeria","Bauchi","Toro","Rauta Geji","Geji Primary Health Clinic","1319","1552","1173","933","266","30.13","1822","27","0","1688","161","0","Invalid Number","Primary Health Clinic","public","org-bda81a24-49e8-4c33-88a6-67b9c96da5de","5","Local Government","Invalid Number","primary","active","Nigeria","Bauchi","43185643","Toro","nga-ba-5018","9.6450726274","10.2923265806"
"5673","5233","5632","8483","6066","2837","2837","831","831","1518","0","Nigeria","Bauchi","Toro","Rauta Geji","Nahuta Primary Health Care Center","3808","4554","3628","3001","1100","26.50","5233","0","0","3181","2052","0","8","Primary Health Center","public","org-8c52254a-112e-4ca5-a34a-566e9a4c3dbf","5","Local Government","8","primary","active","Nigeria","Bauchi","53736046","Toro","nga-ba-5018","9.62127430133","10.4950947296"
"4342","4995","3846","10649","4704","2171","2171","1011","555","1110","0","Nigeria","Bauchi","Toro","Rauta Geji","Nastin Health Post","1","3229","3752","2747","522","19.19","4995","0","0","2073","2922","0","Invalid Number","Health Post","public","org-e0578fdb-b6b6-4f33-bf9b-43578b3aec7b","Invalid Number","Unknown","Invalid Number","primary","active","Nigeria","Bauchi","Invalid Number","Toro","nga-ba-5018","9.616653","10.618429"
"2439","3670","2954","6497","1749","1220","1220","348","348","697","0","Nigeria","Bauchi","Toro","Rauta Geji","Rauta Health Post","1513","2759","2647","2022","448","22.66","3627","43","0","1774","1854","42","Invalid Number","Health Post","public","org-efd37fa3-5d1c-411c-a97b-e4c469e4b21d","5","Local Government","Invalid Number","primary","active","Nigeria","Bauchi","16802497","Toro","nga-ba-5018","9.569142","10.519574"
"2160","4941","3560","8352","3077","1080","1080","362","302","590","0","Nigeria","Bauchi","Toro","Rauta Geji","Rauta Primary Health Clinic","442","2765","3004","2118","315","16.81","4875","66","0","1764","3111","66","3875","Primary Health Clinic","public","org-3875b91b-32c6-418b-919d-7556fcfbe14c","5","Local Government","3875","primary","active","Nigeria","Bauchi","45782175","Toro","nga-ba-5018","9.573265","10.520415"
"3764","5009","4353","6245","3979","1882","1882","538","538","1075","0","Nigeria","Bauchi","Toro","Rauta Geji","Runtu Health Post","2369","2997","2839","2313","630","21.75","5009","0","0","2406","2603","0","363","Health Post","public","org-363fb6f1-6694-4335-b693-ccd63070ed8a","5","Local Government","363","primary","active","Nigeria","Bauchi","47394107","Toro","nga-ba-5018","9.54422","10.42656"
"5810","4384","4880","6026","6728","2905","2905","830","830","1660","0","Nigeria","Bauchi","Toro","Ribina East","Fadan Ribina Health Clinic","1455","2056","2003","1709","924","42.87","4384","0","0","4384","0","0","2","Health Post","public","org-2ea3e629-9228-463a-a013-4f783d7876fd","5","Local Government","2","primary","active","Nigeria","Bauchi","68799562","Toro","nga-ba-5018","9.07523","10.08552"
"3831","2731","2792","4102","4411","1915","1915","547","547","1095","0","Nigeria","Bauchi","Toro","Ribina East","Girjule Maternity","1110","1527","1576","1313","651","33.90","2731","0","0","2040","691","0","53","Primary Health Clinic","public","org-53c0e186-ea8b-4cbf-920c-883bb3e047af","Invalid Number","Unknown","53","primary","active","Nigeria","Bauchi","Invalid Number","Toro","nga-ba-5018","9.06512","10.09651"
"9513","9377","7488","9851","9735","4756","4756","1359","1359","2718","0","Nigeria","Bauchi","Toro","Ribina East","Rinjin Gaini Primary Health Care Center","2126","2948","3261","2795","1703","59.31","9377","0","0","9377","0","0","3","Primary Health Center","public","org-3a0cd8f0-cb52-427e-8ff7-ab8baafd2b6a","5","Local Government","3","primary","active","Nigeria","Bauchi","28594720","Toro","nga-ba-5018","9.0962909997","10.0601399996"
"14689","16104","13028","19724","16983","7344","7344","2098","2098","4197","0","Nigeria","Bauchi","Toro","Ribina East","Salarma Health Post","4621","6854","6616","5594","2922","34.68","15759","345","0","8242","7862","0","323","Health Post","public","org-323fce00-83d5-4f50-ba7f-abcc34d909cc","5","Local Government","323","primary","active","Nigeria","Bauchi","28824231","Toro","nga-ba-5018","9.10175800042","10.0841999999"
"634","460","473","680","851","317","317","91","91","181","0","Nigeria","Bauchi","Toro","Ribina West","Badiko Health Post","194","245","271","223","128","36.80","460","0","0","460","0","0","Invalid Number","Health Post","public","org-bd34ce96-2773-40fc-a3ca-b6b664adaa7a","Invalid Number","Unknown","Invalid Number","primary","active","Nigeria","Bauchi","Invalid Number","Toro","nga-ba-5018","9.05602","10.10318"
"4416","3280","2716","5383","4451","2208","2208","631","631","1262","0","Nigeria","Bauchi","Toro","Ribina West","Gwalfada Primary Health Care Center","2026","2135","2334","1977","1095","38.93","3280","0","0","3252","28","0","7442","Primary Health Center","public","org-7442c507-18c3-41e9-9091-95957d9474c8","5","Local Government","7442","primary","active","Nigeria","Bauchi","21057834","Toro","nga-ba-5018","9.042927","10.123583"
"4791","3329","3245","4857","4922","2395","2395","684","684","1369","0","Nigeria","Bauchi","Toro","Ribina West","Kadage Health Post","1716","1921","2073","1749","899","32.93","3063","266","0","2789","541","0","9","Health Post","public","org-9d41f6dd-a248-48a0-973e-70ebea441942","5","Local Government","9","primary","active","Nigeria","Bauchi","85268273","Toro","nga-ba-5018","9.02652527347","10.1299059113"
"2292","1691","1200","3303","2035","1146","1146","327","327","655","0","Nigeria","Bauchi","Toro","Ribina West","Ribina West Maternity","1202","1298","1258","1063","590","48.94","1691","0","0","1691","0","0","6","Primary Health Clinic","public","org-6f7a64f6-ebcb-43ab-ab74-e5d6e6bdce62","Invalid Number","Unknown","6","primary","active","Nigeria","Bauchi","Invalid Number","Toro","nga-ba-5018","9.04669900001","10.1066760002"
"3781","2825","2628","3528","4087","1891","1891","540","540","1080","0","Nigeria","Bauchi","Toro","Ribina West","Tudun Wadan Ribina Health Post","1318","1508","1456","1189","538","31.48","2825","0","0","1796","1029","0","507","Health Post","public","org-507ae7db-e532-45e9-bb3e-3f7d31348004","5","Local Government","507","primary","active","Nigeria","Bauchi","50078848","Toro","nga-ba-5018","9.0138","10.113788"
"3726","4095","3329","6818","4368","1863","1863","532","532","1065","0","Nigeria","Bauchi","Toro","Rishi","Dababe Health Post","486","2093","2586","2241","1059","44.67","4095","0","0","3764","330","0","Invalid Number","Health Post","public","org-eebb0a9e-c121-45ac-a893-fcbb22addab2","Invalid Number","Unknown","Invalid Number","primary","active","Nigeria","Bauchi","Invalid Number","Toro","nga-ba-5018","8.84760099973","10.4999340004"
"7103","8512","7461","12654","8095","3551","3551","1015","1015","2029","0","Nigeria","Bauchi","Toro","Rishi","Rishi Primary Health Center","1760","3325","3891","3263","1330","48.47","8509","3","0","8243","269","0","99244722","Primary Health Center","public","org-99244722-c425-467e-aa4b-f3494b49709d","5","Local Government","99244722","primary","active","Nigeria","Bauchi","59389536","Toro","nga-ba-5018","8.93945900014","10.4842539998"
"4156","4138","3657","6979","3997","2078","2078","594","594","1187","0","Nigeria","Bauchi","Toro","Rishi","Wundi Primary Health Clinic","933","1802","2248","1964","911","47.46","4138","0","0","4138","0","0","Invalid Number","Primary Health Clinic","public","org-bc304d33-b090-447c-b728-5d6d99b5ffec","5","Local Government","Invalid Number","primary","active","Nigeria","Bauchi","71282888","Toro","nga-ba-5018","8.897944","10.478429"
"7067","6726","5864","15099","6871","3533","3533","1010","1010","2019","0","Nigeria","Bauchi","Toro","Rishi","Zukku Health Post","28","3901","4840","4230","1657","35.46","6723","3","0","4345","2381","0","Invalid Number","Health Post","public","org-f5455abc-e811-4816-ab20-4fcb4b144a33","5","Local Government","Invalid Number","primary","active","Nigeria","Bauchi","78274834","Toro","nga-ba-5018","8.890434","10.520512"
"4416","5302","4139","10722","4603","2208","2208","747","747","1087","0","Nigeria","Bauchi","Toro","Tama #1","Burku Health Post","7","3002","3413","2431","451","24.76","5054","248","0","2483","2767","52","Invalid Number","Health Post","public","org-c097cd42-b4d2-4324-bd08-f749f7a2409e","Invalid Number","Unknown","Invalid Number","primary","active","Nigeria","Bauchi","Invalid Number","Toro","nga-ba-5018","8.945813","10.80681"
"2681","2746","2815","5241","2935","1341","1341","383","383","766","0","Nigeria","Bauchi","Toro","Tama #1","Dinga Health Post","1","1266","1624","1289","410","26.96","2746","0","0","2371","374","0","92001","Health Post","public","org-92001feb-5355-40d6-b9ad-3c056240c1a0","Invalid Number","Unknown","92001","primary","active","Nigeria","Bauchi","Invalid Number","Toro","nga-ba-5018","8.98038099995","10.5324859995"
"5843","7452","6521","13174","6058","2922","2922","835","835","1670","0","Nigeria","Bauchi","Toro","Tama #1","Guraka Maternity","408","3279","3805","2839","724","28.45","7255","197","0","2984","4461","7","8","Primary Health Clinic","public","org-8a751966-ac3f-462e-98e5-f43490d3c2e0","Invalid Number","Unknown","8","primary","active","Nigeria","Bauchi","Invalid Number","Toro","nga-ba-5018","8.864481","10.67213"
"349","679","911","856","445","175","175","50","50","100","0","Nigeria","Bauchi","Toro","Tama #1","Makama Health Clinic","1","211","264","184","33","18.68","679","0","0","505","174","0","1","Primary Health Clinic","private","org-01a3f03c-460f-4e83-bda7-bcd6fca6ca4c","5","For Profit","1","primary","active","Nigeria","Bauchi","83115562","Toro","nga-ba-5018","8.99313","10.504539"
"2014","2423","2164","5523","2316","1007","1007","288","288","576","0","Nigeria","Bauchi","Toro","Tama #1","Patira Health Post","0","1247","1512","1182","389","23.15","2372","51","0","1842","581","0","10100545","Health Post","public","org-10100545-212e-46f9-bc67-97ba6575989e","5","Local Government","10100545","primary","active","Nigeria","Bauchi","19067747","Toro","nga-ba-5018","8.97726","10.60093"
"9479","8616","7960","23716","10280","4739","4739","1415","1415","2617","0","Nigeria","Bauchi","Toro","Tama #1","Sabon Garin Tulu Primary Health Clinic","2244","6398","6945","5787","2432","37.02","8616","0","0","4127","4489","0","7","Primary Health Center","public","org-07c0aebf-9de5-4114-95b2-71583ac9f325","5","Local Government","7","primary","active","Nigeria","Bauchi","67416647","Toro","nga-ba-5018","9.009657","10.675517"
"129","70","84","170","132","64","64","18","18","37","0","Nigeria","Bauchi","Toro","Tama #1","Tama Health Post","67","73","81","75","35","53.91","70","0","0","70","0","0","Invalid Number","Health Post","public","org-d1283c18-0cfd-4b57-9641-5f38c2163990","Invalid Number","Unknown","Invalid Number","primary","active","Nigeria","Bauchi","Invalid Number","Toro","nga-ba-5018","9.02808200036","10.5760050001"
"522","464","340","1835","246","261","261","75","75","149","0","Nigeria","Bauchi","Toro","Tama #1","Tamiko Tulu Nursing Home","467","495","563","488","242","44.20","464","0","0","464","0","0","41581843","Primary Health Center","private","org-41581843-dfa5-45c4-93bb-c665fa22a6fd","Invalid Number","Unknown","41581843","primary","active","Nigeria","Bauchi","Invalid Number","Toro","nga-ba-5018","9.025695801","10.57531738"
"2261","1725","1381","3918","2801","1131","1131","323","323","646","0","Nigeria","Bauchi","Toro","Tama #1","Tulu Ecwa Health Clinic","389","942","1072","930","478","44.19","1725","0","0","1724","1","0","Invalid Number","Primary Health Center","private","org-a3182056-f905-48ce-a634-90f3ea962975","Invalid Number","Unknown","Invalid Number","primary","active","Nigeria","Bauchi","Invalid Number","Toro","nga-ba-5018","9.023498535","10.5769043"
"9449","6948","7533","20347","9501","4724","4724","1350","1350","2700","0","Nigeria","Bauchi","Toro","Tama #1","Tulu Maternity","571","5071","6196","5352","2648","35.01","6942","6","0","3331","3617","0","Invalid Number","Primary Health Clinic","public","org-be39c34f-2cc7-43f5-90ef-81610a8f76c8","Invalid Number","Unknown","Invalid Number","primary","active","Nigeria","Bauchi","Invalid Number","Toro","nga-ba-5018","9.029543","10.576547"
"5248","4493","3693","12269","6324","2624","2624","750","750","1499","0","Nigeria","Bauchi","Toro","Tama #1","Tulu Primary Health Care Center","297","2865","3613","3107","1350","34.73","4493","0","0","3902","591","0","5","Primary Health Center","public","org-5f5f5654-092b-4c71-a0b3-71ca6e53e5f1","5","Local Government","5","primary","active","Nigeria","Bauchi","84389160","Toro","nga-ba-5018","9.028930664","10.57928467"
"7868","7143","7487","8355","8866","3934","3934","1162","1162","2088","0","Nigeria","Bauchi","Toro","Tilde","Al Ummah Health Clinic and Maternity","2044","2368","2671","2300","1424","79.10","7143","0","0","7143","0","0","53","Primary Health Clinic","private","org-53ee2f72-dba3-41f5-862e-634909a29dfb","5","For Profit","53","primary","active","Nigeria","Bauchi","77255619","Toro","nga-ba-5018","8.95951","10.02473"
"3979","3401","3718","6276","4272","1990","1990","767","767","767","0","Nigeria","Bauchi","Toro","Tilde","Atite Health Post","1783","1956","2021","1796","1126","73.42","3401","0","0","3401","0","0","Invalid Number","Health Post","public","org-df84a80e-6f87-4858-b0a5-95bd9405eb79","Invalid Number","Unknown","Invalid Number","primary","active","Nigeria","Bauchi","Invalid Number","Toro","nga-ba-5018","8.95218058","10.02357393"
"1357","1314","1353","1268","1500","679","679","194","194","388","0","Nigeria","Bauchi","Toro","Tilde","Bujiyel Health Post","325","361","375","310","152","40.82","1314","0","0","1314","0","0","2","Health Post","public","org-2ac51b40-ad42-4e39-9f47-425adac06431","5","Local Government","2","primary","active","Nigeria","Bauchi","68061651","Toro","nga-ba-5018","8.999706","10.013614"
"1057","1330","1080","904","1139","529","529","141","211","282","0","Nigeria","Bauchi","Toro","Tilde","Durbi Primary Health Center","197","237","265","227","119","45.23","1330","0","0","1330","0","0","66","Primary Health Center","public","org-066d0f2a-f1e3-4a52-9175-96148d568666","Invalid Number","Unknown","66","primary","active","Nigeria","Bauchi","Invalid Number","Toro","nga-ba-5018","8.993713379","9.993896485"
"3391","3067","2746","3453","4588","1695","1695","484","484","969","0","Nigeria","Bauchi","Toro","Tilde","Gwalfaada Maternity","1010","1130","1221","1016","529","39.09","3067","0","0","3067","0","0","4774","Primary Health Clinic","public","org-4774dbd1-7bfe-4cad-9b8c-e7fed9029acf","Invalid Number","Unknown","4774","primary","active","Nigeria","Bauchi","Invalid Number","Toro","nga-ba-5018","9.02575","10.07411"
"13157","15376","13641","16148","13628","6578","6578","1880","1880","3759","0","Nigeria","Bauchi","Toro","Tilde","Lah Tah Zan Hospital","5073","5399","5057","4476","2827","79.63","15376","0","0","15376","0","0","Invalid Number","Primary Health Clinic","private","org-dd3404af-9770-4b29-8755-57bd3aa7ad69","5","For Profit","Invalid Number","secondary","active","Nigeria","Bauchi","74656510","Toro","nga-ba-5018","8.994383","10.043642"
"2865","3636","3193","5549","2976","1433","1433","498","498","498","0","Nigeria","Bauchi","Toro","Tilde","Sabon Garin Narabi Health Clinic","1324","1482","1704","1426","832","66.55","3636","0","0","3636","0","0","0","Primary Health Clinic","public","org-0ab26d59-621b-4923-ae09-a2724602bf5a","5","Local Government","0","primary","active","Nigeria","Bauchi","78896530","Toro","nga-ba-5018","8.95357099973","10.0260890005"
"12505","13523","13374","12638","12786","6252","6252","1786","1786","3573","0","Nigeria","Bauchi","Toro","Tilde","Tilde Health Post Tilde Maternity and Tilde Health Clinic","3607","4113","3975","3480","2228","85.50","13523","0","0","13523","0","0","Invalid Number","Primary Health Clinic","public","org-b6ec3bf0-b0bf-47a8-b149-71696d990a2d","Invalid Number","Unknown","Invalid Number","primary","active","Nigeria","Bauchi","Invalid Number","Toro","nga-ba-5018","8.98694700041","10.04015"
"4732","3645","5126","4012","5588","2366","2366","676","676","1352","0","Nigeria","Bauchi","Toro","Tilde","Tudun Wada Health Post","1205","1338","1392","1207","655","45.98","3645","0","0","3627","18","0","0","Health Post","public","org-0bb3edf8-d088-4de3-a18e-e42df881f52a","Invalid Number","Unknown","0","primary","active","Nigeria","Bauchi","Invalid Number","Toro","nga-ba-5018","9.00836132022","10.0686525501"
"4450","4407","6315","5294","4782","2225","2225","672","672","1090","0","Nigeria","Bauchi","Toro","Tilde","Tummu Health Post","1463","1786","1807","1532","738","32.80","4407","0","0","4407","0","0","Invalid Number","Health Post","public","org-abc4afb9-56cf-444b-8d6e-5afca015d8d1","5","Local Government","Invalid Number","primary","active","Nigeria","Bauchi","44907520","Toro","nga-ba-5018","8.96253264301","10.0682790416"
"4267","4270","4099","4523","4920","2133","2133","610","610","1219","0","Nigeria","Bauchi","Toro","Tilde","Yerima Nursing Home","1523","1626","1414","1241","785","71.43","4270","0","0","4270","0","0","Invalid Number","Primary Health Clinic","private","org-ad0fe16f-7bae-420e-aa98-71c12f900d9c","5","For Profit","Invalid Number","primary","active","Nigeria","Bauchi","24159250","Toro","nga-ba-5018","8.991516113","10.0388794"
"3999","6155","4263","7529","4481","2000","2000","571","571","1143","0","Nigeria","Bauchi","Toro","Toro","Danmaigoro Hospital","1683","2064","2320","1966","1165","69.29","6155","0","0","6155","0","0","2","Unknown","private","org-2c405701-909d-4112-97dd-43564504c9bf","5","For Profit","2","secondary","active","Nigeria","Bauchi","50440140","Toro","nga-ba-5018","9.12667","10.06776"
"2608","2613","2028","2655","2669","1304","1304","373","373","745","0","Nigeria","Bauchi","Toro","Toro","Goljarendi Health Clinic and Maternity","659","948","902","782","508","50.06","2613","0","0","2613","0","0","4","Primary Health Clinic","private","org-4ace5e3e-2949-4844-bae3-a35b9eb1be95","5","For Profit","4","primary","active","Nigeria","Bauchi","32761507","Toro","nga-ba-5018","9.11345","10.06552"
"3250","2787","3278","3336","3727","1625","1625","464","464","929","0","Nigeria","Bauchi","Toro","Toro","Kayauri Maternity","755","1093","1103","972","515","50.05","2787","0","0","2787","0","0","4680","Primary Health Clinic","public","org-4680a0b7-e984-42b8-ac26-077840c2d445","5","Local Government","4680","primary","active","Nigeria","Bauchi","34182407","Toro","nga-ba-5018","9.06798","10.03462"
"4370","7545","5340","9640","4783","2185","2185","624","624","1248","0","Nigeria","Bauchi","Toro","Toro","Khadija Memorial Hospital","2054","2886","2922","2554","1505","53.33","7545","0","0","7545","0","0","Invalid Number","Primary Health Center","private","org-ba2230fb-dd27-487f-ae43-36560abd708e","5","For Profit","Invalid Number","primary","active","Nigeria","Bauchi","20854849","Toro","nga-ba-5018","9.131282","10.068691"
"2662","2184","2839","2131","3106","1331","1331","380","380","761","0","Nigeria","Bauchi","Toro","Toro","Loro Health Post","555","632","662","546","263","56.37","2184","0","0","2184","0","0","1","Health Post","public","org-1a6d5ea9-a9b6-4a4b-94ed-76c63327e423","5","Local Government","1","primary","active","Nigeria","Bauchi","60092776","Toro","nga-ba-5018","9.01824124137","10.037545662"
"2381","4270","2613","5189","2106","1190","1190","340","340","680","0","Nigeria","Bauchi","Toro","Toro","Magama Clinic","1192","1563","1719","1503","951","58.30","4270","0","0","4270","0","0","1101100","Primary Health Center","public","org-11011e2e-9e19-444b-a51e-489fc86793c5","Invalid Number","Unknown","1101100","primary","active","Nigeria","Bauchi","Invalid Number","Toro","nga-ba-5018","9.12619045","10.06950343"
"851","1110","942","1644","530","426","426","122","122","243","0","Nigeria","Bauchi","Toro","Toro","Magaman Gumau Primary Health Care Center","399","500","585","482","286","67.05","1110","0","0","1110","0","0","Invalid Number","Primary Health Center","public","org-b10b143f-601c-44a0-a372-342182562d92","5","Local Government","Invalid Number","primary","active","Nigeria","Bauchi","21617589","Toro","nga-ba-5018","9.12775","10.06949"
"1312","1064","1362","1525","1784","656","656","187","187","375","0","Nigeria","Bauchi","Toro","Toro","Rinjin Gaini Health Post","338","430","487","396","203","29.10","1064","0","0","1064","0","0","54","Health Post","public","org-54a417ff-0af6-49a7-bf8f-c9523be0e580","Invalid Number","Unknown","54","primary","active","Nigeria","Bauchi","Invalid Number","Toro","nga-ba-5018","9.05776","10.03606"
"602","979","1071","1605","790","301","301","86","86","172","0","Nigeria","Bauchi","Toro","Toro","Tashan Mai'Allo Health Post","345","509","520","433","181","21.14","979","0","0","979","0","0","49","Health Post","public","org-49a99a09-9dc6-4e11-b7bc-96a9939f8bf9","5","Local Government","49","primary","active","Nigeria","Bauchi","73451513","Toro","nga-ba-5018","9.13417","10.06138"
"9964","8373","6789","9189","9873","4982","4982","1423","1423","2847","0","Nigeria","Bauchi","Toro","Toro","Toro General Hospital","2559","2769","2988","2578","1584","68.90","8373","0","0","8373","0","0","Invalid Number","General Hospital","public","org-b26a2529-5070-4277-81de-686ebe50f44b","5","State Government","Invalid Number","secondary","active","Nigeria","Bauchi","78203403","Toro","nga-ba-5018","9.04222453","10.05504419"
"5413","6331","4414","8238","4295","2707","2707","773","773","1547","0","Nigeria","Bauchi","Toro","Toro","Toro Health Post","1659","2141","2521","2197","1344","64.03","6331","0","0","6331","0","0","Invalid Number","Health Post","public","org-f3aafd08-f309-42ce-a39a-c902bf2a142b","5","Local Government","Invalid Number","primary","active","Nigeria","Bauchi","59888158","Toro","nga-ba-5018","9.06373997","10.05773289"
"3127","3513","2936","4656","3810","1563","1563","447","447","893","0","Nigeria","Bauchi","Toro","Toro","Toro Primary Health Clinic","990","1358","1465","1262","717","56.50","3513","0","0","3513","0","0","8","Primary Health Clinic","public","org-8a519207-48f5-43e9-a606-13018e5a01d5","5","Local Government","8","primary","active","Nigeria","Bauchi","87452061","Toro","nga-ba-5018","9.06212","10.05931"
"1837","1775","1673","1017","2655","918","918","262","262","525","0","Nigeria","Bauchi","Toro","Toro","Zabolo Primary Health Center","235","334","321","295","190","104.51","1775","0","0","1775","0","0","Invalid Number","Primary Health Center","public","org-cd22a06e-4e90-4615-91e8-b119e74436d6","Invalid Number","Unknown","Invalid Number","primary","active","Nigeria","Bauchi","Invalid Number","Toro","nga-ba-5018","9.08432365477","10.0601320261"
"497","2382","1562","2236","642","248","248","71","71","142","0","Nigeria","Bauchi","Toro","Tulai","Amarks Health Clinic","384","751","738","536","126","19.83","2382","0","0","2314","68","0","30","Primary Health Clinic","private","org-3e1a8d8a-2616-4124-86fa-d196887ce4f5","5","For Profit","30","primary","active","Nigeria","Bauchi","58201832","Toro","nga-ba-5018","9.25991","10.09127"
"1840","1901","1432","3222","1810","920","920","263","263","526","0","Nigeria","Bauchi","Toro","Tulai","Balarabe Primary Health Clinic","683","1064","1237","997","379","45.82","1901","0","0","1901","0","0","26","Primary Health Clinic","public","org-26e0aa0d-0d35-4aef-9d0d-1ec9b084a57f","5","Local Government","26","primary","active","Nigeria","Bauchi","58575794","Toro","nga-ba-5018","9.29345385","10.10288396"
"131","196","124","186","213","66","66","19","19","37","0","Nigeria","Bauchi","Toro","Tulai","Bukka Health Post","54","60","56","48","24","25.98","196","0","0","179","17","0","Invalid Number","Health Post","public","org-cd0b0e1e-44bf-4a1a-abe2-943183ada4ef","Invalid Number","Unknown","Invalid Number","primary","active","Nigeria","Bauchi","Invalid Number","Toro","nga-ba-5018","9.1728","10.04413"
"4353","3578","3494","6845","4715","2176","2176","622","622","1244","0","Nigeria","Bauchi","Toro","Tulai","Bukka Tulai Primary Health Care Center","1859","2499","2508","2031","699","41.73","3578","0","0","3551","27","0","3","Primary Health Center","public","org-3ec0d119-fc79-4f3c-aebf-29e917b27af7","5","Local Government","3","primary","active","Nigeria","Bauchi","71350481","Toro","nga-ba-5018","9.288060246","10.07350512"
"290","1143","792","816","582","145","145","41","41","83","0","Nigeria","Bauchi","Toro","Tulai","Galda Health Post","273","376","302","219","62","41.59","1143","0","0","1143","0","0","7","Health Post","public","org-7dc50bf0-450e-4cd8-bf34-39bd9185da6d","Invalid Number","Unknown","7","primary","active","Nigeria","Bauchi","Invalid Number","Toro","nga-ba-5018","9.32535","10.14753"
"1123","1463","1286","1024","1175","562","562","160","160","321","0","Nigeria","Bauchi","Toro","Tulai","Gasuwo Maternity Clinic","396","495","416","291","112","43.07","1463","0","0","1463","0","0","Infinity","Primary Health Clinic","public","org-568e979b-2b3e-4dc9-bd73-9d86f0a7e7da","Invalid Number","Unknown","Infinity","primary","active","Nigeria","Bauchi","Invalid Number","Toro","nga-ba-5018","9.3739","10.14553"
"720","1027","721","1175","1403","360","360","103","103","206","0","Nigeria","Bauchi","Toro","Tulai","Jambr Health Post","306","412","413","320","117","42.08","1027","0","0","1027","0","0","97","Health Post","unknown","org-97b6eb14-194f-46f7-8a0b-5ac64b8ed341","Invalid Number","Unknown","97","primary","active","Nigeria","Bauchi","Invalid Number","Toro","nga-ba-5018","9.28505","10.13284"
"1043","979","858","1564","1171","522","522","149","149","298","0","Nigeria","Bauchi","Toro","Tulai","Kocchiyel Health Post","363","524","626","520","198","44.67","979","0","0","979","0","0","Invalid Number","Health Post","public","org-d73045cd-ae86-4784-a9ad-2a4f908e93db","Invalid Number","Unknown","Invalid Number","primary","active","Nigeria","Bauchi","Invalid Number","Toro","nga-ba-5018","9.30914","10.1009"
"1357","951","794","2196","1410","679","679","194","194","388","0","Nigeria","Bauchi","Toro","Tulai","Kwacciyel Health Post","354","685","887","719","326","44.85","951","0","0","951","0","0","Invalid Number","Health Post","public","org-b36ba4f5-6b50-4690-99c8-18c63b6ccb92","5","Local Government","Invalid Number","primary","active","Nigeria","Bauchi","13453766","Toro","nga-ba-5018","9.31319","10.10997"
"1498","1873","1616","2423","1483","749","749","214","214","428","0","Nigeria","Bauchi","Toro","Tulai","Magama Gari Health Post","629","843","827","696","322","38.74","1873","0","0","1873","0","0","Invalid Number","Health Post","public","org-b791e589-aa51-4d71-9786-daf96b8da2e5","5","Local Government","Invalid Number","primary","active","Nigeria","Bauchi","81170916","Toro","nga-ba-5018","9.164204","10.082232"
"847","3473","1861","4128","997","423","423","121","121","242","0","Nigeria","Bauchi","Toro","Tulai","Mai Allo Health Post","797","1265","1250","980","298","28.30","3473","0","0","3400","73","0","Invalid Number","Health Post","public","org-e25eff86-d423-43c7-9ebe-3b0cd1032528","Invalid Number","Unknown","Invalid Number","primary","active","Nigeria","Bauchi","Invalid Number","Toro","nga-ba-5018","9.223617","10.10229"
"923","1253","941","2055","882","462","462","132","132","264","0","Nigeria","Bauchi","Toro","Tulai","Polchi Health Post","507","713","768","598","248","41.98","1253","0","0","1253","0","0","1","Health Post","public","org-1dda576c-0dc1-465a-aeab-f6fc95b6de7c","Invalid Number","Unknown","1","primary","active","Nigeria","Bauchi","Invalid Number","Toro","nga-ba-5018","9.299059","10.124553"
"382","299","289","469","458","191","191","55","55","109","0","Nigeria","Bauchi","Toro","Tulai","Polchi Primary Health Clinic","133","171","199","168","69","48.16","299","0","0","299","0","0","Invalid Number","Primary Health Clinic","public","org-a15efb54-319b-4cae-9585-6f125ca23321","5","Local Government","Invalid Number","primary","active","Nigeria","Bauchi","76990641","Toro","nga-ba-5018","9.301233","10.122455"
"711","882","618","1258","647","355","355","102","102","203","0","Nigeria","Bauchi","Toro","Tulai","Rinjin Mukur Health Post","272","392","421","323","124","38.39","882","0","0","882","0","0","3.957e+136","Health Post","public","org-3957e133-ac57-41e8-98dc-2e67311d44e4","5","Local Government","3.957e+136","primary","active","Nigeria","Bauchi","29991759","Toro","nga-ba-5018","9.27375468","10.13105006"
"56","128","45","102","240","28","28","8","8","16","0","Nigeria","Bauchi","Toro","Tulai","Takandan Giwa Health Post","17","37","34","30","13","65.64","128","0","0","128","0","0","Invalid Number","Health Post","public","org-e66b99dc-ec0b-4410-b0ad-af521736efc6","Invalid Number","Unknown","Invalid Number","primary","active","Nigeria","Bauchi","Invalid Number","Toro","nga-ba-5018","9.27815","10.13356"
"994","1138","1085","816","826","497","497","142","142","284","0","Nigeria","Bauchi","Toro","Tulai","Tashan Durumi Maternity","287","348","330","252","89","43.60","1138","0","0","1138","0","0","63","Primary Health Clinic","public","org-63c71d7d-a09d-44ce-92f4-038f4e56fa46","Invalid Number","Unknown","63","primary","active","Nigeria","Bauchi","Invalid Number","Toro","nga-ba-5018","9.35177","10.13445"
"893","2079","1489","2449","931","446","446","128","128","255","0","Nigeria","Bauchi","Toro","Tulai","Tashan Maiturare Health Post","754","921","866","641","176","34.50","2079","0","0","2079","0","0","Invalid Number","Health Post","public","org-de8cc28d-e887-4210-b74c-2706bddabfd6","5","Local Government","Invalid Number","primary","active","Nigeria","Bauchi","55919541","Toro","nga-ba-5018","9.331481934","10.18811035"
"670","563","480","851","525","335","335","96","96","191","0","Nigeria","Bauchi","Toro","Tulai","Wom Health Post","221","311","347","261","95","40.31","563","0","0","563","0","0","3","Health Post","public","org-3df8818c-a4e2-44e6-89a1-982fbb2cc1b9","5","Local Government","3","primary","active","Nigeria","Bauchi","82315206","Toro","nga-ba-5018","9.32691","10.13192"
"1744","2534","1963","2147","1971","872","872","249","249","498","0","Nigeria","Bauchi","Toro","Tulai","Yakanaji Health Post","938","1081","888","633","196","31.59","2534","0","0","2529","5","0","Invalid Number","Health Post","public","org-e81f4fba-ad8f-459c-a800-c2b9b4dec120","5","Local Government","Invalid Number","primary","active","Nigeria","Bauchi","47606375","Toro","nga-ba-5018","9.348585","10.10546"
"1439","1526","1657","2447","2055","720","720","206","206","411","0","Nigeria","Bauchi","Toro","Wonu North","Al Huda Health Clinic","639","699","792","670","369","70.85","1526","0","0","1526","0","0","4","Primary Health Clinic","private","org-4b03143d-132a-44fd-8737-e3c7f91f44a5","5","For Profit","4","primary","active","Nigeria","Bauchi","19485210","Toro","nga-ba-5018","9.01695","10.25083"
"5345","4641","4440","7675","5300","2673","2673","764","764","1527","0","Nigeria","Bauchi","Toro","Wonu North","Didim Health Post","1952","2945","2682","2160","905","22.90","4641","0","0","3418","1223","0","309935","Health Post","public","org-309935a1-2ccb-4b8c-a073-4df9da85f414","5","Local Government","309935","primary","active","Nigeria","Bauchi","27505163","Toro","nga-ba-5018","9.08292","10.26948"
"2010","1761","1533","2521","1194","1005","1005","287","287","574","0","Nigeria","Bauchi","Toro","Wonu North","Guman Health Post","725","788","801","681","396","81.91","1761","0","0","1761","0","0","Invalid Number","Health Post","unknown","org-f92ace6a-00d8-4369-8a1b-a92f7a153a4d","Invalid Number","Unknown","Invalid Number","primary","active","Nigeria","Bauchi","Invalid Number","Toro","nga-ba-5018","9.01499","10.25688"
"492","439","431","639","1028","246","246","70","70","141","0","Nigeria","Bauchi","Toro","Wonu North","Gumau Model Primary Health Center","195","213","209","187","107","80.78","439","0","0","439","0","0","42","Primary Health Center","public","org-42d22015-038c-4918-9883-8340aa001a3a","Invalid Number","Unknown","42","primary","active","Nigeria","Bauchi","Invalid Number","Toro","nga-ba-5018","9.01364699955","10.2587689996"
"5195","5234","5594","8996","5465","2598","2598","742","742","1484","0","Nigeria","Bauchi","Toro","Wonu North","Gumau Primary Health Care Center","2244","2502","2850","2349","1095","47.29","5234","0","0","5095","139","0","6","Primary Health Center","public","org-6ca2ad7d-15e6-4b9f-8685-15c9128fa15b","5","Local Government","6","primary","active","Nigeria","Bauchi","24126326","Toro","nga-ba-5018","9.017129","10.254636"
"4910","3454","4113","5227","5104","2455","2455","702","702","1401","0","Nigeria","Bauchi","Toro","Wonu North","Lau Primary Health Clinic","1477","1707","1736","1407","666","33.11","3454","0","0","2561","893","0","878","Primary Health Clinic","public","org-878f91e1-8bc4-4042-8df5-41fde2c9ae7d","5","Local Government","878","primary","active","Nigeria","Bauchi","24748015","Toro","nga-ba-5018","9.00904","10.2361"
"1389","985","1203","1232","1686","694","694","198","198","397","0","Nigeria","Bauchi","Toro","Wonu North","Nurayni Health Clinic","389","430","404","348","206","61.47","985","0","0","985","0","0","Invalid Number","Primary Health Clinic","private","org-b43f17e8-8a8f-4111-a6cb-b99b294603da","5","For Profit","Invalid Number","primary","active","Nigeria","Bauchi","46984206","Toro","nga-ba-5018","9.01218","10.25825"
"6045","4453","5064","7042","6329","3022","3022","864","864","1727","0","Nigeria","Bauchi","Toro","Wonu North","Pingel Primary Health Clinic","421","2131","2275","1928","845","32.20","4452","1","0","3163","1290","0","8","Primary Health Clinic","public","org-8c0511e9-9d93-46cf-a82a-2979bbbbe58b","5","Local Government","8","primary","active","Nigeria","Bauchi","33690101","Toro","nga-ba-5018","9.08308099973","10.3396409995"
"3285","2430","2410","4062","2915","1642","1642","469","469","938","0","Nigeria","Bauchi","Toro","Wonu North","Ramadan Clinic","1149","1261","1272","1119","596","70.05","2430","0","0","2430","0","0","4158","Primary Health Center","private","org-4158a62c-19e7-4bf2-861a-6775a0fd9784","Invalid Number","Unknown","4158","primary","active","Nigeria","Bauchi","Invalid Number","Toro","nga-ba-5018","9.015964","10.249656"
"3332","2895","3284","4839","3966","1666","1666","476","476","952","0","Nigeria","Bauchi","Toro","Wonu North","Ririwai Health Post","930","1489","1590","1319","603","28.95","2893","2","0","2840","56","0","4.4e+23","Health Post","public","org-44e22fbf-0981-40a6-af21-ac8e31babd46","5","Local Government","4.4e+23","primary","active","Nigeria","Bauchi","82991169","Toro","nga-ba-5018","8.977133","10.282217"
"4429","3046","3692","4099","5018","2215","2215","633","633","1265","0","Nigeria","Bauchi","Toro","Wonu North","Taimako Health Clinic","1165","1391","1462","1239","607","41.85","3046","0","0","2615","431","0","3","Primary Health Clinic","private","org-3fd1e3b7-6f89-4778-ba6e-da0286469c1f","5","For Profit","3","primary","active","Nigeria","Bauchi","78395199","Toro","nga-ba-5018","9.01127","10.26415"
"4571","5359","3548","6499","4591","2286","2286","653","653","1306","0","Nigeria","Bauchi","Toro","Wonu South","Badikko Health Post","1551","2337","2345","1957","964","32.54","5359","0","0","4699","660","0","3","Health Post","public","org-3f9e1778-d826-4885-9bb4-57180552812b","5","Local Government","3","primary","active","Nigeria","Bauchi","49202065","Toro","nga-ba-5018","9.09338799973","10.1719689996"
"2728","3129","2936","3980","2752","1364","1364","390","390","779","0","Nigeria","Bauchi","Toro","Wonu South","Bakin Kogi Health Post","946","1276","1415","1136","485","28.24","3129","0","0","2457","672","0","36742","Health Post","public","org-36742dde-7e08-408e-9901-3e6a15f9b368","Invalid Number","Unknown","36742","primary","active","Nigeria","Bauchi","Invalid Number","Toro","nga-ba-5018","9.045605","10.213884"
"3286","3344","2244","4098","2980","1643","1643","469","469","939","0","Nigeria","Bauchi","Toro","Wonu South","Geljaule Primary Health Care Center","901","1466","1461","1223","608","28.67","3309","35","0","3034","310","0","8469","Primary Health Center","public","org-8469fbfd-acc5-4060-a3cb-037ff516b07f","5","Local Government","8469","primary","active","Nigeria","Bauchi","79073014","Toro","nga-ba-5018","9.10848329208","10.1608888131"
"893","1127","758","1165","1364","446","446","128","128","255","0","Nigeria","Bauchi","Toro","Wonu South","Jalla Koji Health Post","296","487","496","404","219","26.88","1127","0","0","1127","0","0","3","Health Post","unknown","org-03dedf1a-428b-43db-bd56-29c4bb80043e","Invalid Number","Unknown","3","primary","active","Nigeria","Bauchi","Invalid Number","Toro","nga-ba-5018","9.09097","10.16781"
"1819","2213","1806","3123","2112","910","910","260","260","520","0","Nigeria","Bauchi","Toro","Wonu South","Lame Health Post","749","1091","1030","856","355","24.16","2187","26","0","1144","1069","0","Invalid Number","Health Post","public","org-d50a5b67-80f6-4b52-bb82-ddf8e1c661c3","Invalid Number","Unknown","Invalid Number","primary","active","Nigeria","Bauchi","Invalid Number","Toro","nga-ba-5018","9.14667","10.26785"
"4461","4951","3475","4696","4771","2231","2231","637","637","1275","0","Nigeria","Bauchi","Toro","Wonu South","Pingel Health Post","1448","1820","1862","1481","663","26.51","4611","340","0","3402","1549","0","4459","Health Post","public","org-4459b727-1da3-4688-84d9-951489232ca8","Invalid Number","Unknown","4459","primary","active","Nigeria","Bauchi","Invalid Number","Toro","nga-ba-5018","9.05090735881","10.2017220604"
"4563","3463","3712","7189","4977","2282","2282","652","652","1304","0","Nigeria","Bauchi","Toro","Zalau","Chediya Health Post","1","2005","2500","2158","907","28.51","3463","0","0","3154","309","0","19","Health Post","public","org-19ff8771-18f8-42a8-9205-89c39f24f108","5","Local Government","19","primary","active","Nigeria","Bauchi","51481341","Toro","nga-ba-5018","9.01241437447","10.3352499755"
"1002","785","832","1871","857","501","501","143","143","286","0","Nigeria","Bauchi","Toro","Zalau","Motto Health Post","1","525","610","530","223","36.60","776","9","0","756","29","0","Invalid Number","Health Post","public","org-e046d04b-098d-4c50-9539-9961d713a325","Invalid Number","Unknown","Invalid Number","primary","active","Nigeria","Bauchi","Invalid Number","Toro","nga-ba-5018","8.97154580125","10.3408389186"
"2049","1516","1648","3837","2251","1025","1025","293","293","585","0","Nigeria","Bauchi","Toro","Zalau","Motto Primary Health Clinic","0","1083","1263","1091","415","31.02","1516","0","0","1515","1","0","Invalid Number","Primary Health Clinic","public","org-b0e5c1b5-ce80-4f19-b112-b25186f2c1e6","5","Local Government","Invalid Number","primary","active","Nigeria","Bauchi","13143773","Toro","nga-ba-5018","8.97166238485","10.3395272736"
"1323","1144","1289","3224","1589","661","661","189","189","378","0","Nigeria","Bauchi","Toro","Zalau","Riga Primary Health Clinic","0","768","945","802","309","24.79","1136","8","0","1060","84","0","Invalid Number","Primary Health Clinic","public","org-adc23ff5-d760-4a01-a9f4-80b7000d3bc8","5","Local Government","Invalid Number","primary","active","Nigeria","Bauchi","37704281","Toro","nga-ba-5018","9.02469","10.43758"
"2261","1761","1741","3505","2499","1130","1130","323","323","646","0","Nigeria","Bauchi","Toro","Zalau","Rinjin Gura Health Post","1","1044","1263","1085","502","34.37","1761","0","0","1761","0","0","32","Health Post","public","org-32d870fe-eee9-4c3b-915e-3daa1c3f58d1","5","Local Government","32","primary","active","Nigeria","Bauchi","86157639","Toro","nga-ba-5018","8.97921","10.318657"
"3639","3429","2947","5407","4272","1820","1820","520","520","1040","0","Nigeria","Bauchi","Toro","Zalau","Sabon Garin Tulu Health Post","415","1488","1753","1500","658","41.06","3427","2","0","2951","478","0","55","Health Post","public","org-55b5020d-fcf5-4452-9c3c-e5c1698f9f6f","Invalid Number","Unknown","55","primary","active","Nigeria","Bauchi","Invalid Number","Toro","nga-ba-5018","9.00589","10.40528"
"7021","6017","5024","10610","7119","3510","3510","1003","1003","2006","0","Nigeria","Bauchi","Toro","Zalau","Zalau Primary Health Care Center","1087","2838","3435","2945","1412","40.92","6017","0","0","5220","797","0","8","Primary Health Center","public","org-8a35c2ba-4526-4758-a9e9-722361a57a5b","5","Local Government","8","primary","active","Nigeria","Bauchi","40603506","Toro","nga-ba-5018","9.01510999954","10.3935470001"
"1205","874","961","1070","1357","603","603","172","172","344","0","Nigeria","Bauchi","Toro","Zaranda","Galda Health Post","402","484","404","349","125","35.58","874","0","0","874","0","0","9","Health Post","public","org-9f4f2c6a-16c9-4d4d-8480-7560a2997172","5","Local Government","9","primary","active","Nigeria","Bauchi","55602645","Toro","nga-ba-5018","9.542275","10.24583667"
"2419","4809","3473","7520","2816","1209","1209","346","346","691","0","Nigeria","Bauchi","Toro","Zaranda","Kafin Dilimi Health Post","2126","3143","2926","2297","520","21.95","4809","0","0","2773","2036","0","47206905","Health Post","public","org-47206905-b0f1-4d43-857e-8d9e19ed47a1","Invalid Number","Unknown","47206905","primary","active","Nigeria","Bauchi","Invalid Number","Toro","nga-ba-5018","9.46667","10.419651"
"3145","2929","2838","3079","3265","1572","1572","449","449","898","0","Nigeria","Bauchi","Toro","Zaranda","Kwambo Health Post","1161","1508","1211","958","255","27.72","2929","0","0","2610","319","0","1","Health Post","public","org-1d73c0fa-74e4-43dd-ab96-352375e2d1cf","Invalid Number","Unknown","1","primary","active","Nigeria","Bauchi","Invalid Number","Toro","nga-ba-5018","9.53028","10.3077"
"1669","2143","1850","3072","2044","835","835","238","238","477","0","Nigeria","Bauchi","Toro","Zaranda","Makera Primary Health Clinic","1069","1375","1138","939","323","27.99","2143","0","0","1598","545","0","2","Primary Health Clinic","public","org-2d14d838-685c-4723-9f73-06392f7ff353","5","Local Government","2","primary","active","Nigeria","Bauchi","86505768","Toro","nga-ba-5018","9.52306416372","10.3755338667"
"1721","7954","4339","11206","2240","861","861","246","246","492","0","Nigeria","Bauchi","Toro","Zaranda","Mundu Health Post","2890","4252","3764","2764","439","18.23","7911","43","0","4154","3799","0","5","Health Post","public","org-5aeec461-2261-48cb-a5d5-c6a9ef54f925","5","Local Government","5","primary","active","Nigeria","Bauchi","52135556","Toro","nga-ba-5018","9.41294728316","10.435790945"
"988","4812","5433","5810","1422","494","494","141","141","282","0","Nigeria","Bauchi","Toro","Zaranda","Nabardo Primary Health Center","2043","2404","2440","1954","828","48.06","4812","0","0","3367","1444","0","8","Primary Health Clinic","public","org-8fd645b0-666a-4237-9211-3d5bc4bea352","5","Local Government","8","primary","active","Nigeria","Bauchi","37889893","Toro","nga-ba-5018","9.399053","10.22046"
"2015","11258","7846","13179","3394","1007","1007","288","288","576","0","Nigeria","Bauchi","Toro","Zaranda","Nobordo Primary Health Center","5358","6249","5677","4515","1411","36.23","11258","0","0","8002","3256","0","Invalid Number","Primary Health Center","public","org-dddb5568-beb8-4ba6-b5d0-78beff36592f","Invalid Number","Unknown","Invalid Number","primary","active","Nigeria","Bauchi","Invalid Number","Toro","nga-ba-5018","9.39837141","10.22267589"
"1253","6425","3666","6175","1516","626","626","179","179","358","0","Nigeria","Bauchi","Toro","Zaranda","Rahama Primary Health Care","1949","2640","2176","1606","205","17.17","6425","0","0","3233","3192","0","Invalid Number","Primary Health Center","public","org-d40f6ca9-ed0c-4945-af02-62c4a2de4282","Invalid Number","Unknown","Invalid Number","primary","active","Nigeria","Bauchi","Invalid Number","Toro","nga-ba-5018","9.45578","10.27178"
"740","831","756","1021","964","370","370","106","106","212","0","Nigeria","Bauchi","Toro","Zaranda","Rishi Primary Health Care","317","377","372","316","155","26.40","831","0","0","486","345","0","3","Primary Health Center","public","org-3a3b2f9c-ef35-458f-b992-ce676fa0d9f6","Invalid Number","Unknown","3","primary","active","Nigeria","Bauchi","Invalid Number","Toro","nga-ba-5018","9.56345","10.2904"
"2712","3928","2382","2792","3119","1356","1356","387","387","775","0","Nigeria","Bauchi","Toro","Zaranda","Samira Memorial Health Clinic","1075","1218","1080","882","379","46.32","3928","0","0","3928","0","0","3.8891e+64","Primary Health Clinic","private","org-38891e60-4835-48cd-a26a-1e0597bc9476","5","For Profit","3.8891e+64","primary","active","Nigeria","Bauchi","41747236","Toro","nga-ba-5018","9.46274","10.22497"
"1889","4604","3249","5175","2085","944","944","270","270","540","0","Nigeria","Bauchi","Toro","Zaranda","Taka Dilbu Primary Health Clinic","1865","2313","1771","1334","208","20.83","4604","0","0","2679","1925","0","Invalid Number","Primary Health Clinic","public","org-f0a8069c-73b7-4f91-a848-8a3d327d07bc","5","Local Government","Invalid Number","primary","active","Nigeria","Bauchi","75025132","Toro","nga-ba-5018","9.48975","10.37469"
"1703","3918","2418","6079","1814","851","851","243","243","486","0","Nigeria","Bauchi","Toro","Zaranda","Yuga Health Post","251","1843","2138","1591","413","22.89","3871","47","0","1899","2017","2","0","Health Post","public","org-00bc2050-2ef5-40db-a8cd-c67c37426f08","Invalid Number","Unknown","0","primary","active","Nigeria","Bauchi","Invalid Number","Toro","nga-ba-5018","9.46046022691","10.518179619"
"2958","2661","1934","2847","3213","1479","1479","423","423","845","0","Nigeria","Bauchi","Toro","Zaranda","Zaranda Health Post","926","1165","1060","870","416","40.92","2661","0","0","2661","0","0","2","Health Post","public","org-2d86b397-00a4-47f4-a444-e651c83207f0","Invalid Number","Unknown","2","primary","active","Nigeria","Bauchi","Invalid Number","Toro","nga-ba-5018","9.51194283","10.23254905"
"2765","2360","1831","3829","2843","1383","1383","395","395","790","0","Nigeria","Bauchi","Toro","Zaranda","Zaranda Primary Health Clinic","1341","1519","1586","1344","634","45.24","2360","0","0","2360","0","0","Invalid Number","Primary Health Center","public","org-df6925ad-0f02-49bd-9219-c60bced943be","5","Local Government","Invalid Number","primary","active","Nigeria","Bauchi","84824076","Toro","nga-ba-5018","9.513000175","10.23195228"